<?xml version="1.0" encoding="UTF-8" ?>
<!--
 Minimal OpenRegister ConfigSet
 Based on _default but without complex field definitions
 Fields will be added dynamically via field update service
-->
<schema name="openregister-minimal" version="1.7">
    <!-- Core required fields (from _default) -->
    <field name="id" type="string" indexed="true" stored="true" required="true" multiValued="false" />
    <field name="_version_" type="plong" indexed="false" stored="false"/>
    <field name="_root_" type="string" indexed="true" stored="false" />
    <field name="_nest_path_" type="_nest_path_" />
    <field name="_text_" type="text_general" indexed="true" stored="false" multiValued="true"/>

    <!-- Dynamic fields for automatic field creation -->
    <dynamicField name="*_i"   type="pint"     indexed="true"  stored="true"/>
    <dynamicField name="*_is"  type="pints"    indexed="true"  stored="true"/>
    <dynamicField name="*_s"   type="string"   indexed="true"  stored="true" />
    <dynamicField name="*_ss"  type="strings"  indexed="true"  stored="true"/>
    <dynamicField name="*_l"   type="plong"    indexed="true"  stored="true"/>
    <dynamicField name="*_ls"  type="plongs"   indexed="true"  stored="true"/>
    <dynamicField name="*_b"   type="boolean"  indexed="true"  stored="true"/>
    <dynamicField name="*_bs"  type="booleans" indexed="true"  stored="true"/>
    <dynamicField name="*_f"   type="pfloat"   indexed="true"  stored="true"/>
    <dynamicField name="*_fs"  type="pfloats"  indexed="true"  stored="true"/>
    <dynamicField name="*_d"   type="pdouble"  indexed="true"  stored="true"/>
    <dynamicField name="*_ds"  type="pdoubles" indexed="true"  stored="true"/>
    <dynamicField name="*_dt"  type="pdate"    indexed="true"  stored="true"/>
    <dynamicField name="*_dts" type="pdates"   indexed="true"  stored="true"/>
    <dynamicField name="*_t"   type="text_general" indexed="true" stored="true" multiValued="false"/>
    <dynamicField name="*_txt" type="text_general" indexed="true" stored="true"/>

    <!-- Unique key -->
    <uniqueKey>id</uniqueKey>

    <!-- Field Types -->
    <fieldType name="string" class="solr.StrField" sortMissingLast="true" />
    <fieldType name="strings" class="solr.StrField" sortMissingLast="true" multiValued="true" />
    <fieldType name="_nest_path_" class="solr.NestPathField" />
    <fieldType name="boolean" class="solr.BoolField" sortMissingLast="true"/>
    <fieldType name="booleans" class="solr.BoolField" sortMissingLast="true" multiValued="true"/>
    <fieldType name="pint" class="solr.IntPointField"/>
    <fieldType name="pfloat" class="solr.FloatPointField"/>
    <fieldType name="plong" class="solr.LongPointField"/>
    <fieldType name="pdouble" class="solr.DoublePointField"/>
    <fieldType name="pints" class="solr.IntPointField" multiValued="true"/>
    <fieldType name="pfloats" class="solr.FloatPointField" multiValued="true"/>
    <fieldType name="plongs" class="solr.LongPointField" multiValued="true"/>
    <fieldType name="pdoubles" class="solr.DoublePointField" multiValued="true"/>
    <fieldType name="pdate" class="solr.DatePointField"/>
    <fieldType name="pdates" class="solr.DatePointField" multiValued="true"/>
    <fieldType name="text_general" class="solr.TextField" positionIncrementGap="100" multiValued="true">
        <analyzer type="index">
            <tokenizer name="standard"/>
            <filter name="stop" ignoreCase="true" words="stopwords.txt" />
            <filter name="lowercase"/>
        </analyzer>
        <analyzer type="query">
            <tokenizer name="standard"/>
            <filter name="stop" ignoreCase="true" words="stopwords.txt" />
            <filter name="synonymGraph" synonyms="synonyms.txt" ignoreCase="true" expand="true"/>
            <filter name="lowercase"/>
        </analyzer>
    </fieldType>
</schema>
