<?xml version="1.0" encoding="UTF-8" ?>
<!--
 Minimal OpenRegister SOLR Configuration
 Based on _default but simplified for our needs
-->
<config>
  <luceneMatchVersion>9.0.0</luceneMatchVersion>
  
  <!-- Data Directory -->
  <dataDir>${solr.data.dir:}</dataDir>

  <!-- Index Config -->
  <indexConfig>
    <lockType>${solr.lock.type:native}</lockType>
  </indexConfig>

  <!-- Update Handler -->
  <updateHandler class="solr.DirectUpdateHandler2">
    <updateLog>
      <str name="dir">${solr.ulog.dir:}</str>
      <int name="numVersionBuckets">${solr.ulog.numVersionBuckets:65536}</int>
    </updateLog>
    <autoCommit>
      <maxTime>${solr.autoCommit.maxTime:15000}</maxTime>
      <openSearcher>false</openSearcher>
    </autoCommit>
    <autoSoftCommit>
      <maxTime>${solr.autoSoftCommit.maxTime:1000}</maxTime>
    </autoSoftCommit>
  </updateHandler>

  <!-- Request Handlers -->
  <requestHandler name="/select" class="solr.SearchHandler">
    <lst name="defaults">
      <str name="echoParams">explicit</str>
      <int name="rows">10</int>
    </lst>
  </requestHandler>

  <requestHandler name="/update" class="solr.UpdateRequestHandler" />

  <requestHandler name="/admin/ping" class="solr.PingRequestHandler">
    <lst name="invariants">
      <str name="q">solrpingquery</str>
    </lst>
    <lst name="defaults">
      <str name="echoParams">all</str>
    </lst>
  </requestHandler>

  <!-- Update Request Processor Chain for dynamic field creation -->
  <updateRequestProcessorChain name="add-unknown-fields-to-the-schema" default="${update.autoCreateFields:true}">
    <processor class="solr.UUIDUpdateProcessorFactory">
      <str name="fieldName">id</str>
    </processor>
    <processor class="solr.RemoveBlankFieldUpdateProcessorFactory"/>
    <processor class="solr.FieldNameMutatingUpdateProcessorFactory">
      <str name="pattern">[^\w-\.]</str>
      <str name="replacement">_</str>
    </processor>
    <processor class="solr.ParseBooleanFieldUpdateProcessorFactory"/>
    <processor class="solr.ParseLongFieldUpdateProcessorFactory"/>
    <processor class="solr.ParseDoubleFieldUpdateProcessorFactory"/>
    <processor class="solr.ParseDateFieldUpdateProcessorFactory">
      <arr name="format">
        <str>yyyy-MM-dd'T'HH:mm:ss.SSSZ</str>
        <str>yyyy-MM-dd'T'HH:mm:ss,SSSZ</str>
        <str>yyyy-MM-dd'T'HH:mm:ss.SSS</str>
        <str>yyyy-MM-dd'T'HH:mm:ss,SSS</str>
        <str>yyyy-MM-dd'T'HH:mm:ssZ</str>
        <str>yyyy-MM-dd'T'HH:mm:ss</str>
        <str>yyyy-MM-dd HH:mm:ss.SSSZ</str>
        <str>yyyy-MM-dd HH:mm:ss,SSSZ</str>
        <str>yyyy-MM-dd HH:mm:ss.SSS</str>
        <str>yyyy-MM-dd HH:mm:ss,SSS</str>
        <str>yyyy-MM-dd HH:mm:ssZ</str>
        <str>yyyy-MM-dd HH:mm:ss</str>
        <str>yyyy-MM-dd</str>
      </arr>
    </processor>
    <processor class="solr.AddSchemaFieldsUpdateProcessorFactory">
      <str name="defaultFieldType">strings</str>
      <lst name="typeMapping">
        <str name="valueClass">java.lang.String</str>
        <str name="fieldType">strings</str>
      </lst>
      <lst name="typeMapping">
        <str name="valueClass">java.lang.Boolean</str>
        <str name="fieldType">booleans</str>
      </lst>
      <lst name="typeMapping">
        <str name="valueClass">java.util.Date</str>
        <str name="fieldType">pdates</str>
      </lst>
      <lst name="typeMapping">
        <str name="valueClass">java.lang.Long</str>
        <str name="fieldType">plongs</str>
      </lst>
      <lst name="typeMapping">
        <str name="valueClass">java.lang.Integer</str>
        <str name="fieldType">pints</str>
      </lst>
      <lst name="typeMapping">
        <str name="valueClass">java.lang.Float</str>
        <str name="fieldType">pfloats</str>
      </lst>
      <lst name="typeMapping">
        <str name="valueClass">java.lang.Double</str>
        <str name="fieldType">pdoubles</str>
      </lst>
    </processor>
    <processor class="solr.LogUpdateProcessorFactory"/>
    <processor class="solr.DistributedUpdateProcessorFactory"/>
    <processor class="solr.RunUpdateProcessorFactory"/>
  </updateRequestProcessorChain>
</config>
